Title; Difficulty; Time; Tag; Description;
Two Sum; Easy; 15 mins; Array; 5/10/2022;
Valid Parentheses; Easy; 20 mins; Stack; 5/10/2022;
Merge Two Sorted Lists; Easy; 20 mins; Linked List; 5/10/2022;
Best Time to Buy and Sell Stock; Easy; 20 mins; Array; 5/10/2022;
Valid Palindrome; Easy; 15 mins; String; 5/10/2022;
Invert Binary Tree; Easy; 15 mins; Binary Tree; 5/10/2022;
Valid Anagram; Easy; 15 mins; String; 5/10/2022;
Binary Search; Easy; 15 mins; Binary Search; 5/10/2022;
Flood Fill; Easy; 20 mins; Graph; 5/10/2022;
Maximum Subarray; Medium; 20 mins; Dynamic Programming; 5/10/2022;
Lowest Common Ancestor of a Binary Search Tree; Easy; 20 mins; Binary Search Tree; 5/10/2022;
Insert Interval; Medium; 25 mins; Array; 5/10/2022;
01 Matrix; Medium; 30 mins; Grap; 5/10/2022;
